{
 "gamma_e": [
  2,
  3,
  3,
  5,
  7,
  7,
  9,
  9,
  10,
  11,
  13,
  14,
  16,
  16,
  17,
  22,
  24,
  25,
  28,
  33,
  33,
  37,
  43,
  43,
  45,
  46,
  46,
  47,
  47,
  48
 ],
 "gamma_i": [
  2,
  3,
  3,
  4,
  6,
  7,
  9,
  9,
  9,
  10,
  14,
  15,
  18,
  18,
  23,
  23,
  26,
  26,
  29,
  29,
  29,
  30,
  30,
  31,
  31,
  33,
  40,
  44,
  44,
  48
 ],
 "Z": [
  0.2323044,
  0.2260524,
  0.2431638,
  0.2404358,
  0.2348903,
  0.248995,
  0.2399017,
  0.233619,
  0.2411112,
  0.2273215,
  0.2400385,
  0.2297974,
  0.2360623,
  0.2289895,
  0.2399196,
  0.2499939,
  0.2527308,
  0.2411876,
  0.2475461,
  0.245992,
  0.2257174,
  0.2490083,
  0.2348799,
  0.2416268,
  0.2439137,
  0.2500901,
  0.2495978,
  0.248689,
  0.2354905,
  0.2450336,
  0.2388956,
  0.2542778,
  0.2442022,
  0.249125,
  0.2419871,
  0.2518283,
  0.252015,
  0.2530504,
  0.2615141,
  0.2584132,
  0.2546557,
  0.2532984,
  0.2431623,
  0.2457097,
  0.2479895,
  0.252449,
  0.2538749,
  0.2580832,
  0.259792,
  0.2483457,
  0.2559539,
  0.2629386,
  0.2603475,
  0.2638886,
  0.2649067,
  0.2509803,
  0.2633152,
  0.2645483,
  0.2547456,
  0.2713661,
  0.2412506,
  0.2477246,
  0.2390489,
  0.2441594,
  0.2377225,
  0.2541726,
  0.248235,
  0.24843,
  0.2473896,
  0.259098,
  0.2581705,
  0.2594092,
  0.2419676,
  0.2569449,
  0.239876,
  0.2551954,
  0.2547605,
  0.2553636,
  0.2413637,
  0.2462464,
  0.2445203,
  0.2484915,
  0.2495154,
  0.2423895,
  0.2506928,
  0.2437773,
  0.2711449,
  0.2474979,
  0.2432762,
  0.2716788,
  0.2564056,
  0.2561333,
  0.2702948,
  0.2577957,
  0.2544574,
  0.2638469,
  0.2575997,
  0.2830581,
  0.2693689,
  0.2611024,
  0.2454281,
  0.2682113,
  0.2729833,
  0.2684792,
  0.2670262,
  0.2690358,
  0.2539539,
  0.2700497,
  0.2664837,
  0.2693126,
  0.2607062,
  0.2633547,
  0.2536362,
  0.2572496,
  0.2562506,
  0.2705232,
  0.2643501,
  0.2643615,
  0.2656986,
  0.265799,
  0.2572009,
  0.2600167,
  0.2500495,
  0.2706442,
  0.2615553,
  0.2675812,
  0.2751232,
  0.2663306,
  0.2718758,
  0.2608225,
  0.2711057,
  0.280952,
  0.2698902,
  0.2672956,
  0.255241,
  0.2594232,
  0.2695688,
  0.2665659,
  0.2657009,
  0.2736473,
  0.2787081,
  0.2781668,
  0.2681337,
  0.2667131,
  0.2764893,
  0.2747284,
  0.2729703,
  0.2689533,
  0.2756945,
  0.2799602,
  0.2550646,
  0.27138,
  0.2566823,
  0.2599829,
  0.2726903,
  0.2611439,
  0.2722472,
  0.2767801,
  0.2765293,
  0.2559638,
  0.2633659,
  0.2676149,
  0.2819191,
  0.264192,
  0.2788401,
  0.2674763,
  0.2730397,
  0.2808551,
  0.2710486,
  0.2703798,
  0.2647322,
  0.2779299,
  0.273915,
  0.2734433,
  0.2681561,
  0.273162,
  0.2656327,
  0.2797052,
  0.2729582,
  0.26768,
  0.2610804,
  0.2692213,
  0.2808561,
  0.2673052,
  0.2760239,
  0.2648334,
  0.2807189,
  0.2713665,
  0.2656529,
  0.2712173,
  0.2771074,
  0.272109,
  0.2789652,
  0.2629453,
  0.2750129,
  0.2799544,
  0.2695383,
  0.2706337,
  0.2683484,
  0.2787237,
  0.2752512,
  0.2719982,
  0.2854625,
  0.2797353,
  0.2783977,
  0.2762787,
  0.2846404,
  0.2882297,
  0.2802849,
  0.285149,
  0.2570345,
  0.2639089,
  0.2695729,
  0.2814282,
  0.2751242,
  0.2818675,
  0.2690592,
  0.2715583,
  0.2749609,
  0.2590027,
  0.2727999,
  0.2657558,
  0.2595688,
  0.2793108,
  0.2722399,
  0.2899845,
  0.2852032,
  0.279904,
  0.2667751,
  0.2746678,
  0.2738729,
  0.2734653,
  0.2821766,
  0.2766008,
  0.2732655,
  0.2848186,
  0.27619,
  0.2832214,
  0.2740904,
  0.2710394,
  0.2654661,
  0.2638372,
  0.2776247,
  0.2628232,
  0.2694432,
  0.2824564,
  0.2823792,
  0.2826519,
  0.2689152,
  0.259327,
  0.2753036,
  0.2667558,
  0.2717336,
  0.2782674,
  0.2963364,
  0.2812688,
  0.2803319,
  0.2617041,
  0.2973331,
  0.269352,
  0.2680726,
  0.2922102,
  0.2726288,
  0.2826223,
  0.2677843,
  0.2828967,
  0.2986599,
  0.2808869,
  0.2723383,
  0.2663992,
  0.2561259,
  0.275938,
  0.2787392,
  0.2633748,
  0.2751433,
  0.2761887,
  0.2718961,
  0.2666125,
  0.283895,
  0.2772,
  0.2785268,
  0.2805657,
  0.2797426,
  0.2848452,
  0.2668787,
  0.2907844,
  0.2894317,
  0.2762751,
  0.278895,
  0.276116,
  0.2760495,
  0.2834616,
  0.2801123,
  0.2856016,
  0.279259,
  0.2802941,
  0.2829843,
  0.2711598,
  0.2758791,
  0.2767136,
  0.2746491,
  0.2805049,
  0.2545728,
  0.2702704,
  0.2882179,
  0.2709877,
  0.2674237,
  0.2653258,
  0.2701436,
  0.2786192,
  0.2778922,
  0.2897327,
  0.2804071,
  0.2779317,
  0.2877197,
  0.2891619,
  0.2853911,
  0.2744949,
  0.2844151,
  0.2741521,
  0.2778079,
  0.2730482,
  0.2921661,
  0.277894,
  0.2891384,
  0.2831742,
  0.2702561,
  0.280864,
  0.277873,
  0.2842563,
  0.2692834,
  0.2787839,
  0.2876705,
  0.2698579,
  0.2686001,
  0.2889991,
  0.2918433,
  0.2732738,
  0.2767436,
  0.2836003,
  0.2881637,
  0.2759427,
  0.2812818,
  0.283876,
  0.2826378,
  0.2717061,
  0.275705,
  0.2862251,
  0.2749833,
  0.2700177,
  0.2772325,
  0.2862283,
  0.2872337,
  0.2815777,
  0.2859373,
  0.2663815,
  0.2707913,
  0.2755947,
  0.2842849,
  0.2839096,
  0.2666304,
  0.2762194,
  0.2756201,
  0.2687464,
  0.262947,
  0.2753787,
  0.2840664,
  0.2865132,
  0.2986396,
  0.2691508,
  0.2806458,
  0.2814672,
  0.2822632,
  0.2648083,
  0.2840701,
  0.2739579,
  0.2821984,
  0.2908627,
  0.2814827,
  0.296254,
  0.2663695,
  0.2772104,
  0.2746709,
  0.281451,
  0.2826572,
  0.289603,
  0.2930401,
  0.278044,
  0.2725789,
  0.2831711,
  0.2614021,
  0.2685927,
  0.2786605,
  0.2761676,
  0.268081,
  0.2789556,
  0.2738697,
  0.279355,
  0.2976039,
  0.2607881,
  0.2923812,
  0.2810499,
  0.2866513,
  0.2740029,
  0.2788303,
  0.2693414,
  0.2887472,
  0.2745793,
  0.2731358,
  0.2874285,
  0.2736731,
  0.3005191,
  0.2873283,
  0.2802728,
  0.2675647,
  0.3000173,
  0.2747117,
  0.2864183,
  0.2756727,
  0.2919929,
  0.2722799,
  0.2608161,
  0.2676533,
  0.2711233,
  0.2726714,
  0.2689643,
  0.2769938,
  0.2828389,
  0.2877144,
  0.2800108,
  0.2947775,
  0.284936,
  0.287448,
  0.2835277,
  0.2830067,
  0.2809951,
  0.2890098,
  0.2852933,
  0.2750097,
  0.2807812,
  0.2870642,
  0.2840081,
  0.2878997,
  0.2921137,
  0.2871036,
  0.279444,
  0.2824534,
  0.2764265,
  0.2919778,
  0.2878614,
  0.2805067,
  0.2753749,
  0.2760339,
  0.2772718,
  0.2832475,
  0.2804674,
  0.2786337,
  0.2794132,
  0.295825,
  0.2705929,
  0.2906484,
  0.2836055,
  0.2774647,
  0.2802992,
  0.2880557,
  0.2777177,
  0.2878101,
  0.2900111,
  0.2860768,
  0.2879163,
  0.2847805,
  0.2898088,
  0.2831785,
  0.2922182,
  0.271799,
  0.287757,
  0.2830782,
  0.2900176,
  0.2904692,
  0.2726182,
  0.2727427,
  0.26412,
  0.2844304,
  0.2736891,
  0.2919219,
  0.28737,
  0.2858925,
  0.2828233,
  0.2865775,
  0.2918591,
  0.2806266,
  0.2904353,
  0.2767434,
  0.2942216,
  0.2851431,
  0.2905198,
  0.2776815,
  0.3008541,
  0.2812957,
  0.2754193,
  0.2783154,
  0.3008243,
  0.2951216,
  0.28165,
  0.2879651,
  0.2895341,
  0.2876306,
  0.2969291,
  0.2863738,
  0.289482,
  0.2693664,
  0.2675142,
  0.2745859,
  0.2769412,
  0.2829746,
  0.2915605,
  0.2817852,
  0.2890646,
  0.2945219,
  0.2832849,
  0.2872042,
  0.2774858,
  0.2838994,
  0.283509,
  0.2887996,
  0.2895687,
  0.2815386,
  0.2978299,
  0.2923535,
  0.277019,
  0.2818757,
  0.2817788,
  0.2927999,
  0.2806268,
  0.2795377,
  0.2691732,
  0.2810835,
  0.2767139,
  0.2822282,
  0.2854267,
  0.2755898,
  0.2682908,
  0.2753407,
  0.2690649,
  0.2806074,
  0.2690943,
  0.2839473,
  0.2760428,
  0.2843513,
  0.2751053,
  0.2821192,
  0.2880884,
  0.2909186,
  0.3022944,
  0.2820527,
  0.2971403,
  0.3052171,
  0.2840653,
  0.27615,
  0.2857456,
  0.2829237,
  0.2869132,
  0.2933698,
  0.2831586,
  0.2863253,
  0.2872728,
  0.2885941,
  0.2859843,
  0.2837875,
  0.2980125,
  0.273702,
  0.277108,
  0.2782005,
  0.2768708,
  0.2657699,
  0.2789827,
  0.2761977,
  0.2810191,
  0.2933187,
  0.2841797,
  0.2796972,
  0.2822778,
  0.2744654,
  0.2917663,
  0.2889293,
  0.2876396,
  0.2927652,
  0.2728691,
  0.2945034,
  0.2908855,
  0.286349,
